{
  "project_info": {
    "project_number": "685446131071",
    "firebase_url": "https://catchnote-10be6.firebaseio.com",
    "project_id": "catchnote-10be6",
    "storage_bucket": "catchnote-10be6.appspot.com"
  },
  "client": [
    {
      "client_info": {
        "mobilesdk_app_id": "1:685446131071:android:46fccb1d112dc352953e4a",
        "android_client_info": {
          "package_name": "com.cookandroid.catchnoteproject"
        }
      },
      "oauth_client": [
        {
          "client_id": "685446131071-ficor9nvu2cl4boomls91mmuna9pgjgv.apps.googleusercontent.com",
          "client_type": 3
        }
      ],
      "api_key": [
        {
          "current_key": "AIzaSyDGKqb-AfbnzAZagrbqjBa9UVE4DnDB3tY"
        }
      ],
      "services": {
        "appinvite_service": {
          "other_platform_oauth_client": [
            {
              "client_id": "685446131071-ficor9nvu2cl4boomls91mmuna9pgjgv.apps.googleusercontent.com",
              "client_type": 3
            }
          ]
        }
      }
    }
  ],
  "configuration_version": "1"
}